283;Exp10_2_fla.MANUAL_63
263;Exp10_2_fla.monitercopy_59
258;Exp10_2_fla.Symbol17_61
240;Exp10_2_fla.time_56
225;Exp10_2_fla.man_53
221;Exp10_2_fla.dta_52
214;Exp10_2_fla.c1_47
159;Exp10_2_fla.Symbol2_27
121;Exp10_2_fla.Symbol11_15
86;Exp10_2_fla.hjk_9
76;Exp10_2_fla.Symbol12_5
40;fl.controls.Slider
39;SliderTrack_disabledSkin
37;SliderTick_skin
35;SliderTrack_skin
33;SliderThumb_disabledSkin
31;SliderThumb_downSkin
29;SliderThumb_overSkin
27;SliderThumb_upSkin
25;fl.controls.Button
24;focusRectSkin
23;Button_upSkin
21;Button_selectedUpSkin
19;Button_selectedOverSkin
17;Button_selectedDownSkin
15;Button_selectedDisabledSkin
13;Button_overSkin
11;Button_emphasizedSkin
9;Button_downSkin
7;Button_disabledSkin
5;fl.core.ComponentShim
2;12233
0;Exp10_2_fla.MainTimeline
291;Exp10_2_fla.Symbol3_72
305;Exp10_2_fla.hjkcopy_79
302;Exp10_2_fla.Symbol12copy_76
383;Exp10_2_fla.m1_98
382;Exp10_2_fla.ss2copy_106
378;Exp10_2_fla.ss2copy2_105
374;Exp10_2_fla.s24_104
372;Exp10_2_fla.ss2_100
357;Exp10_2_fla.Symbol28_85
356;Exp10_2_fla.Symbol52copy_97
354;Exp10_2_fla.Symbol52_95
324;Exp10_2_fla.Symbol47_86
