346;Exp9_fla.monitercopy_76
344;Exp9_fla.Symbol17_79
323;Exp9_fla.MANUAL_69
300;Exp9_fla.time_66
290;Exp9_fla.moniter_56
289;Exp9_fla.grp3copy5_65
283;Exp9_fla.grp3copy4_64
277;Exp9_fla.grp3copy3_63
271;Exp9_fla.grp3copy2_62
265;Exp9_fla.grp3copy_61
258;Exp9_fla.grp3_58
234;Exp9_fla.man_54
230;Exp9_fla.dta_53
220;Exp9_fla.c1_47
157;Exp9_fla.Symbol2_27
119;Exp9_fla.Symbol11_15
86;Exp9_fla.hjk_9
76;Exp9_fla.Symbol12_5
40;fl.controls.Slider
39;SliderTrack_disabledSkin
37;SliderTick_skin
35;SliderTrack_skin
33;SliderThumb_disabledSkin
31;SliderThumb_downSkin
29;SliderThumb_overSkin
27;SliderThumb_upSkin
25;fl.controls.Button
24;focusRectSkin
23;Button_upSkin
21;Button_selectedUpSkin
19;Button_selectedOverSkin
17;Button_selectedDownSkin
15;Button_selectedDisabledSkin
13;Button_overSkin
11;Button_emphasizedSkin
9;Button_downSkin
7;Button_disabledSkin
5;fl.core.ComponentShim
2;12233
0;Exp9_fla.MainTimeline
354;Exp9_fla.Symbol3_82
368;Exp9_fla.hjkcopy_89
365;Exp9_fla.Symbol12copy_86
419;Exp9_fla.Symbol28_95
418;Exp9_fla.Symbol52copy_107
416;Exp9_fla.Symbol52_105
386;Exp9_fla.Symbol47_96
