294;Exp5_fla.MANUAL_73
275;Exp5_fla.monitercopy_68
259;Exp5_fla.time_65
249;Exp5_fla.moniter_57
248;Exp5_fla.grp3copy_64
241;Exp5_fla.grp3_61
233;Exp5_fla.Symbol24_59
217;Exp5_fla.man_55
213;Exp5_fla.dta_54
199;Exp5_fla.LID_41
197;Exp5_fla.c1_37
152;Exp5_fla.Symbol1_26
149;Exp5_fla.Symbol2copy_27
120;Exp5_fla.Symbol31_15
110;Exp5_fla.Symbol11_14
86;Exp5_fla.hjk_8
74;Exp5_fla.Symbol12_4
41;fl.controls.Slider
40;focusRectSkin
39;SliderTrack_disabledSkin
37;SliderTick_skin
35;SliderTrack_skin
33;SliderThumb_disabledSkin
31;SliderThumb_downSkin
29;SliderThumb_overSkin
27;SliderThumb_upSkin
24;fl.controls.Button
23;Button_upSkin
21;Button_selectedUpSkin
19;Button_selectedOverSkin
17;Button_selectedDownSkin
15;Button_selectedDisabledSkin
13;Button_overSkin
11;Button_emphasizedSkin
9;Button_downSkin
7;Button_disabledSkin
5;fl.core.ComponentShim
2;12233
0;Exp5_fla.MainTimeline
302;Exp5_fla.Symbol3_82
341;Exp5_fla.Symbol30_92
363;Exp5_fla.hjkcopy_103
360;Exp5_fla.Symbol12copy_100
430;Exp5_fla.m1_120
429;Exp5_fla.ss2copy_126
425;Exp5_fla.ss2_123
417;Exp5_fla.s24_121
413;Exp5_fla.Symbol28_107
412;Exp5_fla.Symbol52copy_119
410;Exp5_fla.Symbol52_117
380;Exp5_fla.Symbol47_108
